{
  "seed": 92,
  "initial_mixing_ratio": [
    0.0,
    0.0,
    0.0,
    0.6801438927650452,
    0.11240127682685852,
    0.0,
    0.2074548453092575,
    0.0,
    0.0,
    0.0
  ]
}