{
  "seed": 371,
  "initial_mixing_ratio": [
    0.1221754401922226,
    0.0,
    0.539222776889801,
    0.0,
    0.0,
    0.0,
    0.2574373185634613,
    0.0,
    0.0,
    0.0811644196510315
  ]
}