{
  "seed": 832,
  "initial_mixing_ratio": [
    0.0,
    0.0,
    0.0,
    0.0,
    0.0,
    0.20507599413394928,
    0.0,
    0.0,
    0.0,
    0.7949240207672119
  ]
}