{
  "seed": 555,
  "initial_mixing_ratio": [
    0.0,
    0.0,
    0.0,
    0.0,
    0.0,
    0.06087161973118782,
    0.9391283392906189,
    0.0,
    0.0,
    0.0
  ]
}